-- MySQL dump 10.13  Distrib 8.0.19, for osx10.15 (x86_64)
--
-- Host: localhost    Database: vk
-- ------------------------------------------------------
-- Server version	8.0.19

/*!40101 SET @OLD_CHARACTER_SET_CLIENT=@@CHARACTER_SET_CLIENT */;
/*!40101 SET @OLD_CHARACTER_SET_RESULTS=@@CHARACTER_SET_RESULTS */;
/*!40101 SET @OLD_COLLATION_CONNECTION=@@COLLATION_CONNECTION */;
/*!50503 SET NAMES utf8mb4 */;
/*!40103 SET @OLD_TIME_ZONE=@@TIME_ZONE */;
/*!40103 SET TIME_ZONE='+00:00' */;
/*!40014 SET @OLD_UNIQUE_CHECKS=@@UNIQUE_CHECKS, UNIQUE_CHECKS=0 */;
/*!40014 SET @OLD_FOREIGN_KEY_CHECKS=@@FOREIGN_KEY_CHECKS, FOREIGN_KEY_CHECKS=0 */;
/*!40101 SET @OLD_SQL_MODE=@@SQL_MODE, SQL_MODE='NO_AUTO_VALUE_ON_ZERO' */;
/*!40111 SET @OLD_SQL_NOTES=@@SQL_NOTES, SQL_NOTES=0 */;

--
-- Table structure for table `communities`
--

DROP TABLE IF EXISTS `communities`;
/*!40101 SET @saved_cs_client     = @@character_set_client */;
/*!50503 SET character_set_client = utf8mb4 */;
CREATE TABLE `communities` (
  `id` int unsigned NOT NULL AUTO_INCREMENT,
  `name` varchar(150) CHARACTER SET utf8 COLLATE utf8_unicode_ci NOT NULL,
  PRIMARY KEY (`id`),
  UNIQUE KEY `name` (`name`)
) ENGINE=InnoDB AUTO_INCREMENT=101 DEFAULT CHARSET=utf8 COLLATE=utf8_unicode_ci;
/*!40101 SET character_set_client = @saved_cs_client */;

--
-- Dumping data for table `communities`
--

LOCK TABLES `communities` WRITE;
/*!40000 ALTER TABLE `communities` DISABLE KEYS */;
INSERT INTO `communities` VALUES (47,'ab'),(22,'accusantium'),(78,'ad'),(34,'alias'),(11,'aliquam'),(2,'animi'),(98,'architecto'),(15,'atque'),(48,'aut'),(8,'autem'),(62,'beatae'),(53,'blanditiis'),(24,'consequatur'),(59,'corrupti'),(71,'culpa'),(82,'cumque'),(91,'deleniti'),(88,'dignissimos'),(66,'dolor'),(35,'dolore'),(42,'dolorem'),(63,'dolores'),(95,'dolorum'),(65,'ducimus'),(75,'earum'),(60,'eligendi'),(61,'enim'),(45,'eos'),(76,'error'),(10,'est'),(26,'et'),(49,'eum'),(21,'eveniet'),(38,'ex'),(69,'exercitationem'),(94,'expedita'),(20,'explicabo'),(93,'fuga'),(96,'fugiat'),(84,'fugit'),(33,'hic'),(1,'id'),(79,'in'),(3,'inventore'),(89,'ipsa'),(37,'ipsam'),(16,'ipsum'),(18,'iure'),(87,'labore'),(28,'laborum'),(85,'magni'),(52,'minima'),(9,'minus'),(39,'molestiae'),(51,'molestias'),(80,'natus'),(72,'nemo'),(77,'nihil'),(6,'nisi'),(14,'non'),(97,'nostrum'),(99,'numquam'),(73,'odio'),(74,'officiis'),(31,'omnis'),(50,'optio'),(92,'perspiciatis'),(29,'quaerat'),(13,'quam'),(55,'quas'),(68,'quasi'),(70,'qui'),(7,'quia'),(56,'quis'),(40,'quo'),(41,'quod'),(83,'quos'),(100,'ratione'),(57,'recusandae'),(30,'repellat'),(25,'reprehenderit'),(12,'saepe'),(86,'sed'),(43,'similique'),(44,'sint'),(67,'sit'),(58,'soluta'),(46,'suscipit'),(81,'tempora'),(54,'tempore'),(23,'temporibus'),(90,'unde'),(17,'ut'),(64,'vel'),(32,'velit'),(36,'veniam'),(19,'vitae'),(27,'voluptas'),(5,'voluptate'),(4,'voluptatem');
/*!40000 ALTER TABLE `communities` ENABLE KEYS */;
UNLOCK TABLES;

--
-- Table structure for table `communities_users`
--

DROP TABLE IF EXISTS `communities_users`;
/*!40101 SET @saved_cs_client     = @@character_set_client */;
/*!50503 SET character_set_client = utf8mb4 */;
CREATE TABLE `communities_users` (
  `community_id` int unsigned NOT NULL,
  `user_id` int unsigned NOT NULL,
  PRIMARY KEY (`community_id`,`user_id`)
) ENGINE=InnoDB DEFAULT CHARSET=utf8 COLLATE=utf8_unicode_ci;
/*!40101 SET character_set_client = @saved_cs_client */;

--
-- Dumping data for table `communities_users`
--

LOCK TABLES `communities_users` WRITE;
/*!40000 ALTER TABLE `communities_users` DISABLE KEYS */;
INSERT INTO `communities_users` VALUES (1,1),(2,2),(3,3),(4,4),(5,5),(6,6),(7,7),(8,8),(9,9),(10,10),(11,11),(12,12),(13,13),(14,14),(15,15),(16,16),(17,17),(18,18),(19,19),(20,20),(21,21),(22,22),(23,23),(24,24),(25,25),(26,26),(27,27),(28,28),(29,29),(30,30),(31,31),(32,32),(33,33),(34,34),(35,35),(36,36),(37,37),(38,38),(39,39),(40,40),(41,41),(42,42),(43,43),(44,44),(45,45),(46,46),(47,47),(48,48),(49,49),(50,50),(51,51),(52,52),(53,53),(54,54),(55,55),(56,56),(57,57),(58,58),(59,59),(60,60),(61,61),(62,62),(63,63),(64,64),(65,65),(66,66),(67,67),(68,68),(69,69),(70,70),(71,71),(72,72),(73,73),(74,74),(75,75),(76,76),(77,77),(78,78),(79,79),(80,80),(81,81),(82,82),(83,83),(84,84),(85,85),(86,86),(87,87),(88,88),(89,89),(90,90),(91,91),(92,92),(93,93),(94,94),(95,95),(96,96),(97,97),(98,98),(99,99),(100,100);
/*!40000 ALTER TABLE `communities_users` ENABLE KEYS */;
UNLOCK TABLES;

--
-- Table structure for table `friendship`
--

DROP TABLE IF EXISTS `friendship`;
/*!40101 SET @saved_cs_client     = @@character_set_client */;
/*!50503 SET character_set_client = utf8mb4 */;
CREATE TABLE `friendship` (
  `user_id` int unsigned NOT NULL,
  `friend_id` int unsigned NOT NULL,
  `status_id` int unsigned NOT NULL,
  `requested_at` datetime DEFAULT CURRENT_TIMESTAMP,
  `confirmed_at` datetime DEFAULT NULL,
  PRIMARY KEY (`user_id`,`friend_id`)
) ENGINE=InnoDB DEFAULT CHARSET=utf8 COLLATE=utf8_unicode_ci;
/*!40101 SET character_set_client = @saved_cs_client */;

--
-- Dumping data for table `friendship`
--

LOCK TABLES `friendship` WRITE;
/*!40000 ALTER TABLE `friendship` DISABLE KEYS */;
INSERT INTO `friendship` VALUES (1,72,1,'2018-12-13 08:40:00','2020-01-24 10:50:27'),(2,16,2,'2019-08-16 08:41:11','2016-09-16 17:50:24'),(3,67,1,'2011-05-28 02:47:19','2016-12-22 20:42:08'),(6,76,1,'2019-10-22 16:33:11','2015-01-28 04:33:50'),(6,93,1,'2011-02-09 17:30:18','2014-01-25 19:48:07'),(10,38,1,'2019-02-17 04:18:48','2014-02-06 21:55:17'),(13,71,1,'2019-05-01 07:38:17','2013-10-11 17:28:17'),(15,32,2,'2013-07-14 12:59:42','2018-01-17 13:28:12'),(15,50,2,'2015-03-19 10:33:27','2011-05-21 13:44:00'),(15,58,1,'2015-12-14 12:31:05','2013-10-24 15:55:12'),(16,25,2,'2011-04-09 15:01:13','2015-06-11 20:33:01'),(16,67,2,'2014-09-01 08:08:04','2013-10-10 00:49:19'),(17,9,1,'2012-09-16 03:12:53','2016-10-12 06:02:12'),(17,63,1,'2012-12-15 06:35:22','2012-09-02 02:44:33'),(18,9,1,'2016-12-20 10:28:22','2018-12-12 18:29:24'),(20,67,1,'2017-02-10 22:04:21','2018-03-06 02:39:15'),(21,22,1,'2011-01-23 22:02:02','2013-11-19 18:33:01'),(23,9,2,'2016-09-28 08:37:43','2019-08-29 02:32:00'),(25,16,2,'2017-04-07 01:44:50','2016-10-10 15:56:05'),(25,70,1,'2013-02-25 11:50:23','2014-06-25 11:47:47'),(27,31,2,'2013-09-25 23:35:59','2010-12-10 10:46:41'),(28,45,2,'2017-02-07 00:04:31','2014-12-10 14:02:44'),(33,100,2,'2013-08-21 18:55:38','2020-01-22 05:29:15'),(34,58,2,'2019-06-04 19:49:35','2019-08-24 22:15:43'),(38,61,2,'2013-01-01 12:19:49','2012-08-04 19:56:48'),(40,79,2,'2018-02-18 20:57:33','2018-01-02 00:36:00'),(41,24,2,'2014-04-30 08:50:22','2012-01-18 13:33:08'),(41,47,1,'2010-03-19 14:27:41','2015-12-14 05:37:13'),(42,8,1,'2016-01-14 19:37:05','2015-12-05 20:45:33'),(42,38,2,'2016-12-13 14:54:36','2018-07-31 00:00:58'),(42,84,1,'2016-01-20 13:58:07','2015-06-01 08:13:52'),(43,51,2,'2014-05-09 18:39:53','2016-01-03 02:31:28'),(43,54,1,'2019-03-10 05:53:00','2011-12-04 18:57:57'),(43,56,2,'2012-05-28 15:06:07','2017-01-14 09:24:07'),(43,78,1,'2015-05-30 01:18:02','2017-06-06 09:46:24'),(44,64,1,'2013-10-27 16:59:55','2015-03-10 20:20:40'),(44,99,2,'2016-11-04 21:12:28','2016-08-10 15:25:13'),(46,80,2,'2014-11-25 09:46:50','2017-03-04 09:09:04'),(47,51,1,'2010-05-26 10:26:00','2012-11-30 21:52:49'),(48,61,2,'2019-07-21 20:47:41','2010-12-06 02:08:52'),(48,71,2,'2015-02-17 19:55:31','2019-08-20 12:49:58'),(48,92,2,'2015-12-18 02:55:00','2018-03-14 18:34:29'),(49,63,2,'2014-11-03 13:40:28','2019-08-23 23:49:19'),(53,90,1,'2012-10-19 22:52:12','2017-04-24 09:09:12'),(54,98,1,'2014-05-22 01:31:51','2014-09-01 09:36:56'),(55,10,1,'2018-12-26 07:39:06','2019-10-02 22:45:16'),(55,68,2,'2015-09-02 09:06:44','2010-06-20 12:36:22'),(55,83,1,'2015-09-23 09:14:53','2013-04-05 11:50:48'),(57,70,2,'2011-11-24 23:33:02','2018-07-31 19:16:22'),(58,7,1,'2012-12-23 10:34:01','2015-03-03 09:00:58'),(60,85,2,'2011-03-11 04:44:35','2012-04-26 13:42:31'),(61,85,2,'2011-06-27 23:15:23','2016-10-08 22:05:02'),(62,12,1,'2017-05-28 12:41:19','2014-10-16 08:35:51'),(62,78,2,'2012-04-11 16:13:27','2012-06-24 08:26:04'),(63,27,2,'2018-11-22 17:13:57','2012-08-04 01:23:11'),(63,73,1,'2015-07-20 23:01:25','2019-02-10 19:28:14'),(63,77,2,'2017-01-08 01:47:26','2011-10-02 18:36:23'),(65,7,1,'2012-07-11 20:09:11','2017-11-14 03:17:55'),(65,96,2,'2017-12-20 18:26:12','2018-03-08 21:20:52'),(68,50,1,'2012-04-01 14:14:18','2014-08-29 17:21:26'),(69,88,1,'2015-04-04 22:25:22','2011-08-27 16:10:40'),(72,27,2,'2017-01-04 10:17:25','2014-11-21 04:12:58'),(72,54,2,'2018-03-10 10:40:44','2017-12-06 14:42:47'),(72,60,2,'2016-03-16 05:05:34','2010-06-09 19:59:43'),(73,7,2,'2015-11-26 01:00:22','2018-08-23 15:16:12'),(73,19,1,'2011-12-29 08:41:34','2016-07-09 08:20:50'),(73,64,1,'2017-03-12 05:34:25','2012-07-13 10:18:35'),(73,70,1,'2019-03-11 00:58:23','2014-09-20 14:10:44'),(74,41,1,'2014-05-17 09:20:31','2015-02-01 17:59:27'),(74,53,2,'2010-06-03 12:48:31','2017-11-25 01:11:30'),(75,2,1,'2011-05-31 11:30:05','2017-09-17 17:10:29'),(75,36,1,'2019-08-11 02:20:48','2012-06-28 04:47:44'),(75,45,1,'2015-08-04 08:46:12','2012-02-26 18:26:41'),(75,70,1,'2014-01-06 03:26:01','2015-03-18 13:51:02'),(76,97,2,'2013-03-03 18:34:33','2018-08-22 19:49:13'),(77,75,2,'2018-07-27 15:43:50','2016-10-13 03:06:17'),(79,44,2,'2010-07-24 01:20:40','2011-12-11 04:18:15'),(79,83,1,'2014-04-02 03:21:43','2012-12-21 13:08:15'),(82,77,1,'2013-07-28 13:02:40','2017-07-17 18:10:28'),(83,10,2,'2017-07-28 11:58:52','2016-09-06 14:10:52'),(83,87,2,'2016-02-21 21:00:53','2010-08-26 12:31:19'),(84,19,1,'2012-08-01 08:09:55','2012-12-08 15:05:44'),(84,61,1,'2018-07-18 01:46:10','2013-03-01 01:24:23'),(84,95,2,'2017-10-09 02:19:52','2011-04-26 18:10:48'),(85,36,1,'2018-05-07 10:40:30','2010-12-02 12:05:24'),(85,44,1,'2016-01-09 00:37:33','2010-10-19 18:40:53'),(86,100,2,'2012-08-06 23:33:02','2016-07-25 01:49:13'),(87,60,1,'2018-10-03 01:28:59','2013-03-08 22:27:17'),(89,50,2,'2011-06-07 06:23:23','2013-12-10 10:32:56'),(89,73,2,'2011-10-02 19:20:58','2014-01-31 23:45:19'),(90,78,2,'2016-07-14 07:58:17','2017-02-27 16:27:22'),(91,25,2,'2018-10-05 07:52:41','2018-06-16 20:20:17'),(91,69,1,'2017-06-07 09:26:48','2013-07-23 16:33:36'),(92,11,2,'2018-08-27 12:26:54','2016-09-16 20:30:25'),(93,39,2,'2010-03-12 11:49:51','2017-01-19 08:03:09'),(96,6,1,'2020-01-23 12:56:40','2011-04-01 20:58:51'),(98,52,2,'2017-10-04 19:27:39','2019-06-19 11:05:40'),(98,56,1,'2019-03-23 02:49:15','2014-07-08 23:52:28'),(99,77,1,'2013-03-28 10:34:45','2018-09-04 02:38:28'),(99,95,1,'2010-11-07 23:17:07','2019-03-27 15:00:27');
/*!40000 ALTER TABLE `friendship` ENABLE KEYS */;
UNLOCK TABLES;

--
-- Table structure for table `friendship_statuses`
--

DROP TABLE IF EXISTS `friendship_statuses`;
/*!40101 SET @saved_cs_client     = @@character_set_client */;
/*!50503 SET character_set_client = utf8mb4 */;
CREATE TABLE `friendship_statuses` (
  `id` int unsigned NOT NULL AUTO_INCREMENT,
  `name` varchar(150) CHARACTER SET utf8 COLLATE utf8_unicode_ci NOT NULL,
  PRIMARY KEY (`id`),
  UNIQUE KEY `name` (`name`)
) ENGINE=InnoDB AUTO_INCREMENT=3 DEFAULT CHARSET=utf8 COLLATE=utf8_unicode_ci;
/*!40101 SET character_set_client = @saved_cs_client */;

--
-- Dumping data for table `friendship_statuses`
--

LOCK TABLES `friendship_statuses` WRITE;
/*!40000 ALTER TABLE `friendship_statuses` DISABLE KEYS */;
INSERT INTO `friendship_statuses` VALUES (2,'a'),(1,'b');
/*!40000 ALTER TABLE `friendship_statuses` ENABLE KEYS */;
UNLOCK TABLES;

--
-- Table structure for table `media`
--

DROP TABLE IF EXISTS `media`;
/*!40101 SET @saved_cs_client     = @@character_set_client */;
/*!50503 SET character_set_client = utf8mb4 */;
CREATE TABLE `media` (
  `id` int unsigned NOT NULL AUTO_INCREMENT,
  `media_type_id` int unsigned NOT NULL,
  `user_id` int unsigned NOT NULL,
  `filename` varchar(255) CHARACTER SET utf8 COLLATE utf8_unicode_ci NOT NULL,
  `size` int NOT NULL,
  `metadata` json DEFAULT NULL,
  `created_at` datetime DEFAULT CURRENT_TIMESTAMP,
  `updated_at` datetime DEFAULT CURRENT_TIMESTAMP ON UPDATE CURRENT_TIMESTAMP,
  PRIMARY KEY (`id`)
) ENGINE=InnoDB AUTO_INCREMENT=101 DEFAULT CHARSET=utf8 COLLATE=utf8_unicode_ci;
/*!40101 SET character_set_client = @saved_cs_client */;

--
-- Dumping data for table `media`
--

LOCK TABLES `media` WRITE;
/*!40000 ALTER TABLE `media` DISABLE KEYS */;
INSERT INTO `media` VALUES (1,2,5,'https://dropbox/vk/file_rerum',61136,'{\"owner\": \"Andres Spinka\"}','2018-07-02 07:25:08','2020-03-05 15:54:39'),(2,1,75,'https://dropbox/vk/file_neque',648050,'{\"owner\": \"Emiliano Smitham\"}','2016-06-30 05:32:16','2020-03-05 15:54:39'),(3,1,59,'https://dropbox/vk/file_enim',9355275,'{\"owner\": \"Chanel Bogan\"}','2013-05-29 05:55:21','2020-03-05 15:54:39'),(4,3,69,'https://dropbox/vk/file_qui',480,'{\"owner\": \"Leonor Schmitt\"}','2011-04-19 19:32:00','2020-03-05 15:54:39'),(5,3,70,'https://dropbox/vk/file_pariatur',756826,'{\"owner\": \"Jarvis Daugherty\"}','2019-02-28 19:14:45','2020-03-05 15:54:39'),(6,3,43,'https://dropbox/vk/file_dolores',3014281,'{\"owner\": \"Levi Block\"}','2017-09-11 19:59:00','2020-03-05 15:54:39'),(7,1,2,'https://dropbox/vk/file_rerum',8,'{\"owner\": \"Jarod Conn\"}','2015-01-14 02:02:10','2020-03-05 15:54:39'),(8,1,81,'https://dropbox/vk/file_qui',6,'{\"owner\": \"Dario Quitzon\"}','2010-12-14 07:38:19','2020-03-05 15:54:39'),(9,1,99,'https://dropbox/vk/file_numquam',1626,'{\"owner\": \"Antonia Koss\"}','2015-04-27 09:42:53','2020-03-05 15:54:39'),(10,3,51,'https://dropbox/vk/file_cum',422561,'{\"owner\": \"Isobel Konopelski\"}','2016-03-16 13:07:59','2020-03-05 15:54:39'),(11,3,58,'https://dropbox/vk/file_assumenda',29,'{\"owner\": \"Kayleigh Gislason\"}','2016-02-25 20:14:58','2020-03-05 15:54:39'),(12,2,37,'https://dropbox/vk/file_quae',8,'{\"owner\": \"Liana Koepp\"}','2019-10-26 20:52:31','2020-03-05 15:54:39'),(13,2,10,'https://dropbox/vk/file_libero',695,'{\"owner\": \"Gisselle Little\"}','2013-10-12 06:41:23','2020-03-05 15:54:39'),(14,1,40,'https://dropbox/vk/file_iste',5347198,'{\"owner\": \"Khalid Davis\"}','2016-07-18 08:53:16','2020-03-05 15:54:39'),(15,1,70,'https://dropbox/vk/file_et',273068941,'{\"owner\": \"Jarvis Daugherty\"}','2014-12-04 08:33:21','2020-03-05 15:54:39'),(16,2,27,'https://dropbox/vk/file_atque',4648,'{\"owner\": \"Cassandre Armstrong\"}','2014-08-08 19:28:41','2020-03-05 15:54:39'),(17,1,25,'https://dropbox/vk/file_hic',14,'{\"owner\": \"Ron Zulauf\"}','2012-08-16 15:31:12','2020-03-05 15:54:39'),(18,3,43,'https://dropbox/vk/file_error',86237,'{\"owner\": \"Levi Block\"}','2011-04-16 05:36:22','2020-03-05 15:54:39'),(19,2,42,'https://dropbox/vk/file_quos',122712,'{\"owner\": \"Hobart DuBuque\"}','2018-05-18 19:16:40','2020-03-05 15:54:39'),(20,3,78,'https://dropbox/vk/file_sed',335877,'{\"owner\": \"Ernest Willms\"}','2012-07-20 09:34:12','2020-03-05 15:54:39'),(21,2,64,'https://dropbox/vk/file_sapiente',999295,'{\"owner\": \"Lisa Kreiger\"}','2015-07-16 16:01:43','2020-03-05 15:54:39'),(22,3,85,'https://dropbox/vk/file_ullam',910783956,'{\"owner\": \"Claudie Veum\"}','2018-04-27 17:49:50','2020-03-05 15:54:39'),(23,1,34,'https://dropbox/vk/file_et',732474,'{\"owner\": \"Thelma Carter\"}','2015-09-05 23:34:49','2020-03-05 15:54:39'),(24,2,15,'https://dropbox/vk/file_accusamus',56997,'{\"owner\": \"Thora Christiansen\"}','2010-10-27 23:49:57','2020-03-05 15:54:39'),(25,3,71,'https://dropbox/vk/file_tempore',781895739,'{\"owner\": \"Ena Schumm\"}','2018-09-28 10:31:14','2020-03-05 15:54:39'),(26,2,10,'https://dropbox/vk/file_quos',667950,'{\"owner\": \"Gisselle Little\"}','2012-12-18 20:12:01','2020-03-05 15:54:39'),(27,2,37,'https://dropbox/vk/file_ipsum',47612,'{\"owner\": \"Liana Koepp\"}','2015-04-24 02:07:14','2020-03-05 15:54:39'),(28,2,52,'https://dropbox/vk/file_eius',571041,'{\"owner\": \"Nathaniel McKenzie\"}','2016-12-04 13:01:42','2020-03-05 15:54:39'),(29,2,51,'https://dropbox/vk/file_incidunt',809,'{\"owner\": \"Isobel Konopelski\"}','2019-04-21 04:34:21','2020-03-05 15:54:39'),(30,3,97,'https://dropbox/vk/file_minus',99559335,'{\"owner\": \"Torey Dibbert\"}','2010-11-21 18:24:03','2020-03-05 15:54:39'),(31,3,31,'https://dropbox/vk/file_consequuntur',5,'{\"owner\": \"Jedediah Nader\"}','2019-12-04 12:23:13','2020-03-05 15:54:39'),(32,2,64,'https://dropbox/vk/file_tenetur',127,'{\"owner\": \"Lisa Kreiger\"}','2013-03-03 11:02:49','2020-03-05 15:54:39'),(33,2,26,'https://dropbox/vk/file_aut',661,'{\"owner\": \"Patrick Raynor\"}','2018-03-12 16:36:17','2020-03-05 15:54:39'),(34,2,38,'https://dropbox/vk/file_labore',5771,'{\"owner\": \"Alexandre Dickens\"}','2018-03-12 22:53:26','2020-03-05 15:54:39'),(35,3,11,'https://dropbox/vk/file_consequatur',61669,'{\"owner\": \"Isobel Wolff\"}','2018-12-04 05:12:42','2020-03-05 15:54:39'),(36,1,40,'https://dropbox/vk/file_soluta',4,'{\"owner\": \"Khalid Davis\"}','2013-12-24 14:27:37','2020-03-05 15:54:39'),(37,1,69,'https://dropbox/vk/file_tenetur',214888,'{\"owner\": \"Leonor Schmitt\"}','2011-01-12 15:16:03','2020-03-05 15:54:39'),(38,1,23,'https://dropbox/vk/file_nam',2317,'{\"owner\": \"Yesenia Kemmer\"}','2017-04-02 15:33:42','2020-03-05 15:54:39'),(39,2,6,'https://dropbox/vk/file_rerum',3444637,'{\"owner\": \"Mateo Torphy\"}','2011-01-23 03:07:25','2020-03-05 15:54:39'),(40,1,62,'https://dropbox/vk/file_qui',5990,'{\"owner\": \"Al Bergnaum\"}','2016-04-12 16:25:17','2020-03-05 15:54:39'),(41,2,90,'https://dropbox/vk/file_voluptatem',174040094,'{\"owner\": \"Tyrese Koepp\"}','2019-01-27 14:33:08','2020-03-05 15:54:39'),(42,1,63,'https://dropbox/vk/file_velit',40,'{\"owner\": \"Delbert Metz\"}','2014-06-19 22:23:26','2020-03-05 15:54:39'),(43,3,47,'https://dropbox/vk/file_deserunt',171,'{\"owner\": \"Rosalinda McGlynn\"}','2018-06-28 09:48:40','2020-03-05 15:54:39'),(44,1,46,'https://dropbox/vk/file_odio',68,'{\"owner\": \"Adaline Orn\"}','2015-03-10 11:13:03','2020-03-05 15:54:39'),(45,3,86,'https://dropbox/vk/file_quia',44319802,'{\"owner\": \"Dario Keebler\"}','2013-06-29 20:25:52','2020-03-05 15:54:39'),(46,1,90,'https://dropbox/vk/file_molestiae',301248,'{\"owner\": \"Tyrese Koepp\"}','2016-03-08 08:11:35','2020-03-05 15:54:39'),(47,2,95,'https://dropbox/vk/file_voluptates',38371,'{\"owner\": \"Jadyn Nader\"}','2016-08-11 05:29:14','2020-03-05 15:54:39'),(48,2,3,'https://dropbox/vk/file_veritatis',799,'{\"owner\": \"Santino Konopelski\"}','2010-05-27 22:21:52','2020-03-05 15:54:39'),(49,1,31,'https://dropbox/vk/file_provident',478871103,'{\"owner\": \"Jedediah Nader\"}','2010-07-10 14:05:00','2020-03-05 15:54:39'),(50,3,46,'https://dropbox/vk/file_aut',3688,'{\"owner\": \"Adaline Orn\"}','2016-12-01 11:05:55','2020-03-05 15:54:39'),(51,2,35,'https://dropbox/vk/file_rerum',1747187,'{\"owner\": \"Philip Lang\"}','2012-04-11 16:16:16','2020-03-05 15:54:39'),(52,1,37,'https://dropbox/vk/file_et',2825343,'{\"owner\": \"Liana Koepp\"}','2019-08-14 02:33:22','2020-03-05 15:54:39'),(53,2,80,'https://dropbox/vk/file_optio',5574,'{\"owner\": \"Gordon Okuneva\"}','2013-03-01 05:10:46','2020-03-05 15:54:39'),(54,2,89,'https://dropbox/vk/file_quidem',7877503,'{\"owner\": \"Taya Pacocha\"}','2019-07-04 17:43:30','2020-03-05 15:54:39'),(55,1,4,'https://dropbox/vk/file_aperiam',52912,'{\"owner\": \"Brycen Gleichner\"}','2010-10-05 21:02:14','2020-03-05 15:54:39'),(56,3,53,'https://dropbox/vk/file_necessitatibus',16005,'{\"owner\": \"Keeley Sipes\"}','2015-08-24 17:19:25','2020-03-05 15:54:39'),(57,3,54,'https://dropbox/vk/file_sit',824577720,'{\"owner\": \"Joanie Cormier\"}','2013-04-26 17:58:28','2020-03-05 15:54:39'),(58,3,8,'https://dropbox/vk/file_amet',1,'{\"owner\": \"Annette Sporer\"}','2011-10-28 17:15:12','2020-03-05 15:54:39'),(59,1,80,'https://dropbox/vk/file_cum',78956518,'{\"owner\": \"Gordon Okuneva\"}','2016-04-18 17:37:01','2020-03-05 15:54:39'),(60,1,76,'https://dropbox/vk/file_voluptas',93551,'{\"owner\": \"Xander Treutel\"}','2018-06-03 05:58:40','2020-03-05 15:54:39'),(61,2,37,'https://dropbox/vk/file_doloribus',59664874,'{\"owner\": \"Liana Koepp\"}','2015-03-05 20:52:01','2020-03-05 15:54:39'),(62,1,59,'https://dropbox/vk/file_enim',72404,'{\"owner\": \"Chanel Bogan\"}','2018-02-13 00:22:45','2020-03-05 15:54:39'),(63,3,82,'https://dropbox/vk/file_quia',8970519,'{\"owner\": \"Malcolm Wiza\"}','2018-11-18 21:30:21','2020-03-05 15:54:39'),(64,2,34,'https://dropbox/vk/file_necessitatibus',6,'{\"owner\": \"Thelma Carter\"}','2012-03-11 04:40:29','2020-03-05 15:54:39'),(65,3,24,'https://dropbox/vk/file_quia',94,'{\"owner\": \"Donnell Gottlieb\"}','2015-10-23 23:35:11','2020-03-05 15:54:39'),(66,1,18,'https://dropbox/vk/file_vel',62716487,'{\"owner\": \"Allan Labadie\"}','2012-04-24 16:42:42','2020-03-05 15:54:39'),(67,1,17,'https://dropbox/vk/file_beatae',179280,'{\"owner\": \"Gennaro Haag\"}','2013-06-22 17:44:46','2020-03-05 15:54:39'),(68,2,31,'https://dropbox/vk/file_laborum',15,'{\"owner\": \"Jedediah Nader\"}','2018-01-26 16:03:31','2020-03-05 15:54:39'),(69,1,5,'https://dropbox/vk/file_est',488609,'{\"owner\": \"Andres Spinka\"}','2014-07-19 05:16:27','2020-03-05 15:54:39'),(70,2,29,'https://dropbox/vk/file_voluptatem',4556,'{\"owner\": \"Edwina Turner\"}','2010-09-08 00:21:47','2020-03-05 15:54:39'),(71,2,32,'https://dropbox/vk/file_non',588401249,'{\"owner\": \"Sandy Carroll\"}','2018-11-14 01:20:27','2020-03-05 15:54:39'),(72,1,71,'https://dropbox/vk/file_dolore',669013188,'{\"owner\": \"Ena Schumm\"}','2016-02-16 06:41:30','2020-03-05 15:54:39'),(73,3,58,'https://dropbox/vk/file_et',2442714,'{\"owner\": \"Kayleigh Gislason\"}','2015-05-15 01:22:52','2020-03-05 15:54:39'),(74,2,77,'https://dropbox/vk/file_sit',529304,'{\"owner\": \"Columbus Moen\"}','2014-02-13 14:32:59','2020-03-05 15:54:39'),(75,1,10,'https://dropbox/vk/file_qui',38146886,'{\"owner\": \"Gisselle Little\"}','2013-02-21 02:55:14','2020-03-05 15:54:39'),(76,3,18,'https://dropbox/vk/file_qui',549,'{\"owner\": \"Allan Labadie\"}','2016-07-02 06:16:46','2020-03-05 15:54:39'),(77,3,58,'https://dropbox/vk/file_eveniet',595304576,'{\"owner\": \"Kayleigh Gislason\"}','2017-08-03 20:05:34','2020-03-05 15:54:39'),(78,1,39,'https://dropbox/vk/file_laboriosam',434985949,'{\"owner\": \"Ezekiel Frami\"}','2019-03-26 16:16:21','2020-03-05 15:54:39'),(79,2,20,'https://dropbox/vk/file_hic',8114,'{\"owner\": \"Percy Gottlieb\"}','2016-09-25 20:21:55','2020-03-05 15:54:39'),(80,2,80,'https://dropbox/vk/file_autem',53,'{\"owner\": \"Gordon Okuneva\"}','2012-12-18 09:28:13','2020-03-05 15:54:39'),(81,1,40,'https://dropbox/vk/file_sed',997,'{\"owner\": \"Khalid Davis\"}','2015-05-16 07:43:51','2020-03-05 15:54:39'),(82,3,59,'https://dropbox/vk/file_necessitatibus',170694,'{\"owner\": \"Chanel Bogan\"}','2017-11-20 04:11:03','2020-03-05 15:54:39'),(83,3,76,'https://dropbox/vk/file_sed',56,'{\"owner\": \"Xander Treutel\"}','2015-08-05 18:06:40','2020-03-05 15:54:39'),(84,1,1,'https://dropbox/vk/file_ipsa',44,'{\"owner\": \"Dusty Stanton\"}','2016-11-21 19:16:56','2020-03-05 15:54:39'),(85,1,76,'https://dropbox/vk/file_ut',5,'{\"owner\": \"Xander Treutel\"}','2019-12-22 10:36:20','2020-03-05 15:54:39'),(86,2,79,'https://dropbox/vk/file_libero',81,'{\"owner\": \"Bill Zboncak\"}','2014-04-18 08:42:27','2020-03-05 15:54:39'),(87,3,65,'https://dropbox/vk/file_quos',5650,'{\"owner\": \"Eldridge Fadel\"}','2013-01-13 19:31:25','2020-03-05 15:54:39'),(88,3,86,'https://dropbox/vk/file_ipsam',255559,'{\"owner\": \"Dario Keebler\"}','2017-08-04 12:52:37','2020-03-05 15:54:39'),(89,3,36,'https://dropbox/vk/file_numquam',3649,'{\"owner\": \"Torey Wintheiser\"}','2012-10-17 17:22:09','2020-03-05 15:54:39'),(90,3,20,'https://dropbox/vk/file_fuga',1993027,'{\"owner\": \"Percy Gottlieb\"}','2015-11-11 00:40:16','2020-03-05 15:54:39'),(91,2,92,'https://dropbox/vk/file_facilis',755712,'{\"owner\": \"Hassan Rosenbaum\"}','2017-02-22 16:28:20','2020-03-05 15:54:39'),(92,2,1,'https://dropbox/vk/file_molestiae',1197273,'{\"owner\": \"Dusty Stanton\"}','2018-02-09 06:33:46','2020-03-05 15:54:39'),(93,3,28,'https://dropbox/vk/file_quasi',5917,'{\"owner\": \"Marjorie Reichert\"}','2012-06-13 10:38:11','2020-03-05 15:54:39'),(94,1,35,'https://dropbox/vk/file_expedita',1001884,'{\"owner\": \"Philip Lang\"}','2013-05-31 13:55:40','2020-03-05 15:54:39'),(95,3,91,'https://dropbox/vk/file_quam',1,'{\"owner\": \"Leora Renner\"}','2015-06-08 05:52:37','2020-03-05 15:54:39'),(96,1,50,'https://dropbox/vk/file_necessitatibus',331529,'{\"owner\": \"Damian Heaney\"}','2014-10-16 14:30:10','2020-03-05 15:54:39'),(97,1,76,'https://dropbox/vk/file_in',82855,'{\"owner\": \"Xander Treutel\"}','2014-10-07 17:06:44','2020-03-05 15:54:39'),(98,3,29,'https://dropbox/vk/file_quasi',8,'{\"owner\": \"Edwina Turner\"}','2015-09-11 15:22:04','2020-03-05 15:54:39'),(99,1,17,'https://dropbox/vk/file_quod',637069917,'{\"owner\": \"Gennaro Haag\"}','2015-10-26 02:45:39','2020-03-05 15:54:39'),(100,1,99,'https://dropbox/vk/file_minima',80138,'{\"owner\": \"Antonia Koss\"}','2015-11-09 15:01:59','2020-03-05 15:54:39');
/*!40000 ALTER TABLE `media` ENABLE KEYS */;
UNLOCK TABLES;

--
-- Table structure for table `media_types`
--

DROP TABLE IF EXISTS `media_types`;
/*!40101 SET @saved_cs_client     = @@character_set_client */;
/*!50503 SET character_set_client = utf8mb4 */;
CREATE TABLE `media_types` (
  `id` int unsigned NOT NULL AUTO_INCREMENT,
  `name` varchar(255) CHARACTER SET utf8 COLLATE utf8_unicode_ci NOT NULL,
  PRIMARY KEY (`id`),
  UNIQUE KEY `name` (`name`)
) ENGINE=InnoDB AUTO_INCREMENT=4 DEFAULT CHARSET=utf8 COLLATE=utf8_unicode_ci;
/*!40101 SET character_set_client = @saved_cs_client */;

--
-- Dumping data for table `media_types`
--

LOCK TABLES `media_types` WRITE;
/*!40000 ALTER TABLE `media_types` DISABLE KEYS */;
INSERT INTO `media_types` VALUES (3,'audio'),(1,'photo'),(2,'video');
/*!40000 ALTER TABLE `media_types` ENABLE KEYS */;
UNLOCK TABLES;

--
-- Table structure for table `messages`
--

DROP TABLE IF EXISTS `messages`;
/*!40101 SET @saved_cs_client     = @@character_set_client */;
/*!50503 SET character_set_client = utf8mb4 */;
CREATE TABLE `messages` (
  `id` int unsigned NOT NULL AUTO_INCREMENT,
  `from_user_id` int unsigned NOT NULL,
  `to_user_id` int unsigned NOT NULL,
  `body` text CHARACTER SET utf8 COLLATE utf8_unicode_ci NOT NULL,
  `is_important` tinyint(1) DEFAULT NULL,
  `is_delivered` tinyint(1) DEFAULT NULL,
  `created_at` datetime DEFAULT CURRENT_TIMESTAMP,
  PRIMARY KEY (`id`)
) ENGINE=InnoDB AUTO_INCREMENT=101 DEFAULT CHARSET=utf8 COLLATE=utf8_unicode_ci;
/*!40101 SET character_set_client = @saved_cs_client */;

--
-- Dumping data for table `messages`
--

LOCK TABLES `messages` WRITE;
/*!40000 ALTER TABLE `messages` DISABLE KEYS */;
INSERT INTO `messages` VALUES (1,99,60,'Qui ullam est harum. Deserunt expedita ipsa dolores aspernatur inventore. Accusantium nihil voluptates et aut placeat.',1,1,'2011-03-04 17:54:09'),(2,2,28,'Blanditiis aut recusandae voluptatem est nisi. Molestiae qui aliquam sit dolor. Incidunt voluptatem esse hic. Fugit quibusdam ipsa voluptatem ut enim numquam eos.',0,1,'2017-10-16 12:50:11'),(3,35,91,'Placeat voluptatem mollitia dignissimos voluptate et adipisci dolorem maiores. Voluptatibus voluptate nostrum esse aut quia voluptates porro. Sunt et qui dolor voluptatem molestiae ut nesciunt cum. Rerum atque excepturi in voluptas doloremque omnis a.',1,0,'2012-12-07 18:14:21'),(4,50,76,'Culpa voluptates modi soluta quae placeat. Est sed porro impedit doloribus ut ea. Nisi eveniet nam nam aut eligendi quas enim. Et aut aut molestiae animi dignissimos totam adipisci. Voluptatem illum et aut cum qui.',0,0,'2017-06-23 05:32:25'),(5,31,24,'Dolorem dolores facilis non iusto expedita. Et et placeat quisquam. Necessitatibus quisquam natus beatae voluptates architecto.',1,0,'2013-08-07 17:17:54'),(6,28,68,'Quam veniam ipsum rerum unde et distinctio iure. Tempore nostrum modi ad necessitatibus sit. Itaque provident et nihil delectus modi ab est.',0,0,'2016-07-28 12:22:41'),(7,54,68,'Voluptas quo repellat officiis sed ut. Quidem id quaerat illum numquam nisi. Sit ratione et distinctio tempora similique et est. Adipisci vel ipsum dolores dolorem voluptatem unde cupiditate.',1,1,'2016-06-20 02:46:35'),(8,77,80,'Et occaecati eius adipisci sit ea excepturi quos voluptates. Ex vitae sunt sint eum. Quia placeat aspernatur provident et animi praesentium molestiae. Sit quos voluptatum amet quo adipisci vero sed.',0,0,'2016-10-17 12:35:36'),(9,68,99,'Non ut ut delectus quos nam nemo aut. Dolores accusantium aliquid ducimus molestiae eligendi. Sed nemo itaque est sunt doloribus et velit qui.',1,0,'2015-11-01 18:34:30'),(10,91,58,'Laboriosam saepe blanditiis dicta nesciunt quis corrupti atque. Voluptas rerum possimus quod qui molestiae qui quas. Et cumque id in in quisquam consectetur quia. Impedit amet ipsam est quis officia ipsa.',1,0,'2010-04-25 14:05:37'),(11,18,14,'Ea totam perspiciatis ipsa sint nemo provident eligendi molestiae. Repudiandae quis et culpa laudantium eligendi ea. Perspiciatis a et et sint fugiat.',0,0,'2015-04-24 21:43:42'),(12,14,28,'Voluptatem iste rerum laudantium nihil ducimus ea. Illum sed non quae voluptatum. Qui ducimus voluptatem fugit neque.',1,1,'2010-05-23 05:00:37'),(13,99,9,'Et praesentium omnis ab aperiam. Est eos vel recusandae vero temporibus. Culpa ducimus itaque nesciunt soluta tempora.',0,1,'2019-01-15 19:52:10'),(14,46,5,'Et enim occaecati et cum. Laborum delectus voluptatem vel laborum quisquam consequuntur. Sed quo nihil sit fugiat temporibus.',1,0,'2018-01-05 03:07:56'),(15,87,19,'Exercitationem laborum quod quia. Vitae ullam unde eligendi ut repellendus molestiae. Qui eum quae et consequatur ut. Quia exercitationem qui omnis facere fugit.',0,0,'2011-05-15 12:02:18'),(16,33,10,'Illum sint qui omnis voluptatem. Quam adipisci iusto corporis ea velit sunt ipsum. Ab nihil nobis facere et. Esse fugit ducimus unde ut vero quis.',0,1,'2019-10-08 11:36:55'),(17,48,9,'Voluptates aut rerum laborum sapiente expedita odit. Explicabo ratione perspiciatis ipsa error. Doloribus qui ipsam occaecati et minima maiores dolore. Nemo autem itaque doloremque et. Nisi consectetur quia vel dolorem esse.',0,0,'2010-07-23 10:18:34'),(18,2,84,'Repellat ullam fuga rerum aut vitae. Incidunt placeat molestiae cum iure et mollitia.',1,0,'2011-02-07 20:12:40'),(19,12,6,'Odit amet quasi voluptatem est et. Accusamus dolor quasi provident totam rem.',1,1,'2013-11-12 20:40:46'),(20,93,49,'Odio omnis id sed minima. Ratione recusandae quia maxime est. Tempore molestiae voluptatum ad ex aperiam aut. Aut magnam vel accusantium deleniti mollitia ut dignissimos deleniti.',1,1,'2014-12-24 00:48:49'),(21,64,75,'Id quia ullam quis doloribus molestias. Quo atque in eum est maxime. Delectus excepturi quam mollitia officiis est numquam sit. In quidem facere natus totam sunt.',1,0,'2014-04-15 13:12:25'),(22,80,76,'Eligendi est repellat consequuntur. Labore architecto dolorum id in laudantium. Dignissimos sint porro enim quam.',0,1,'2019-09-29 22:22:43'),(23,39,67,'Vel est deleniti aut qui et consequatur eum. Sed fugit repudiandae vitae voluptas ullam ipsa. Dolorem ducimus explicabo autem quis. Qui autem quaerat est eos ad doloribus assumenda.',1,1,'2010-07-28 05:11:38'),(24,17,82,'Tenetur omnis veniam magni et. Dolores omnis eos quam aut. Expedita dolorem nesciunt molestias esse a autem numquam vitae. Voluptas cum ad dolorem et libero quibusdam dicta.',0,0,'2019-04-03 03:42:28'),(25,61,57,'Nihil laboriosam eos nemo a. Doloribus est itaque laboriosam facilis earum excepturi qui. Sit amet ullam quos ipsam omnis rerum. Ad aliquam dolor asperiores consectetur ipsa.',0,0,'2013-09-15 22:53:41'),(26,3,43,'Est alias velit et. Autem nihil nemo laborum accusantium. Provident odit consequatur voluptatem minus. Animi est aliquid est nemo totam illo quas.',0,0,'2011-08-09 10:53:04'),(27,5,94,'Esse in enim deserunt et sint. Corporis eveniet nesciunt officia maiores debitis. Aspernatur repellendus nulla maiores sit quia est.',0,0,'2016-04-05 18:36:24'),(28,55,93,'Maxime quidem consequuntur est enim quibusdam a sequi. Voluptatem pariatur dolores dolor consequatur. Dolorem odit rerum dolor minima unde qui corporis. Magnam velit sit vel cumque reprehenderit fugit dignissimos.',1,0,'2011-12-09 03:58:32'),(29,100,22,'Qui suscipit quia ut id ipsam veritatis. Magni repellendus odio animi deleniti. Architecto voluptatem ex quis voluptas quia.',0,0,'2015-10-01 09:50:27'),(30,8,75,'Asperiores ab facilis enim architecto error labore nesciunt. Est id excepturi possimus a quia consectetur. Iusto sed veniam quis et velit nam ut. Tenetur similique eveniet autem incidunt iusto.',1,0,'2015-07-02 12:15:24'),(31,49,21,'Ducimus aspernatur ipsum qui fugiat consequatur magni. Cumque est et voluptatem aut. Sunt quia quam dolor et. Praesentium rerum doloremque deleniti sit.',1,0,'2014-11-17 15:25:43'),(32,58,27,'Earum iure dolorem quia facilis. Quae recusandae autem odio mollitia. Velit quo consequatur voluptatem quia.',1,0,'2015-06-09 15:12:56'),(33,60,16,'Aperiam id repellendus quas voluptas praesentium quia et. Repellat aspernatur mollitia voluptatem consequatur cum quo ad. Recusandae unde fugiat quis alias.',1,0,'2020-03-01 08:12:41'),(34,3,66,'Ut quia aliquid iste qui odit. Eligendi dolorum modi sit aut sapiente. Voluptas qui ducimus hic perferendis aut odit temporibus.',1,0,'2013-11-04 11:31:43'),(35,18,92,'Enim eos quis qui asperiores. Quae dolore magnam ut odit deleniti. Dolorem mollitia at voluptatem cumque quam tenetur voluptates. Cumque sit voluptatem unde blanditiis.',1,0,'2015-11-15 04:07:34'),(36,8,60,'Officia et in ut molestias sequi impedit exercitationem. Ducimus asperiores excepturi ut doloremque. Odio sint aliquid autem iusto.',0,0,'2014-05-30 13:59:07'),(37,79,13,'Quaerat dolores doloremque sunt quae qui ut ex. Quia doloremque temporibus molestiae expedita dolores similique quaerat.',1,1,'2018-12-29 13:06:41'),(38,28,1,'Quasi ex sint explicabo odio sed aut. Vel et repudiandae consectetur. Magnam repudiandae quia quia veniam accusamus in quia.',0,1,'2018-10-05 17:10:53'),(39,20,97,'Inventore sunt possimus est aut reprehenderit unde. Culpa quod natus officia. Excepturi aut laboriosam necessitatibus numquam assumenda illo cumque. Voluptas quibusdam totam praesentium suscipit similique ut porro corporis.',1,0,'2019-02-02 07:28:02'),(40,23,25,'Unde praesentium illo beatae odio optio minima architecto. Molestiae qui totam et tempora explicabo autem recusandae. Amet libero eos nemo qui et officia accusantium numquam. Natus perspiciatis velit molestiae ut aut.',0,0,'2017-03-02 01:46:17'),(41,55,98,'Eos unde qui id sit ut incidunt. Aut aut dolorem temporibus. Quia consectetur consequatur nisi corporis et. Eveniet cum et fugiat a. Libero sint aut ea et et.',1,0,'2019-09-18 12:49:30'),(42,25,31,'Iste minus voluptas aut neque. Voluptatem at ut maxime aliquam iste repellendus. Quod qui qui fugiat ut in eum. Repellat consequatur nam qui ut dicta.',1,1,'2015-07-15 10:28:11'),(43,80,5,'Optio non quo non enim soluta ea facere. Cupiditate minus non accusantium officia eos sunt. Hic tempora consequatur hic ipsum maxime.',0,0,'2015-06-30 15:15:52'),(44,86,14,'Officia voluptates deleniti qui sapiente et aliquam. Consequatur quia ipsa dolores earum. Maiores est enim eum ut mollitia adipisci.',1,0,'2019-03-11 02:33:57'),(45,10,10,'Neque maxime assumenda consequuntur. Accusamus ex sit natus tempora. Perferendis saepe quam est vero consectetur non veniam.',0,0,'2017-02-08 06:04:22'),(46,17,58,'Laboriosam minima consequuntur fuga dolorum repellendus minus. Hic ipsa placeat atque quaerat dolores.',0,0,'2012-01-10 09:38:00'),(47,35,2,'Nam aut similique ullam sunt quis. Facere deleniti voluptatem repellendus est eligendi. Placeat temporibus quae sunt iusto architecto adipisci dolorum dicta.',0,1,'2013-01-14 08:41:49'),(48,3,9,'Optio maxime debitis asperiores modi. Blanditiis fuga laborum reprehenderit quibusdam. Quo nobis id ab. Fugit ullam consequatur delectus aut maiores natus quo sunt.',0,1,'2014-12-18 07:04:29'),(49,35,46,'Unde rem beatae modi atque. Ut cumque cupiditate cumque expedita quia officiis. Voluptatem omnis aliquam qui libero voluptates. Fugiat enim tempora voluptatem.',1,1,'2017-02-06 04:57:51'),(50,26,92,'Quia magni voluptatem deleniti eaque. Possimus ratione rerum nulla ipsa cumque perspiciatis ullam. Porro accusamus dolorem et unde eum quia.',1,1,'2017-11-25 19:18:42'),(51,81,27,'Consequatur enim inventore saepe rerum. Sit et voluptatem sint eum. Dicta vel consectetur assumenda explicabo. Ut et sit vel et non molestiae cum.',0,1,'2016-06-15 18:52:17'),(52,94,89,'Nisi quibusdam et velit id sapiente recusandae et. Omnis magnam qui nisi molestiae. Quidem omnis sunt fuga corrupti sunt ut molestias repellat. Libero debitis beatae similique officiis nulla exercitationem.',0,1,'2014-02-15 03:23:49'),(53,60,32,'Sint quam non modi. Dignissimos tempore voluptate et sunt necessitatibus rerum.',0,1,'2018-09-11 03:15:44'),(54,82,11,'Animi natus nulla reiciendis deleniti iste impedit. Nobis necessitatibus facere quo dolores eum illum. Temporibus reprehenderit voluptas sit quasi. Animi fuga ea id occaecati et beatae est. Maiores et occaecati maiores perferendis.',0,0,'2015-11-06 02:32:24'),(55,11,19,'Sint rerum debitis quis harum. Voluptate tempora ratione tenetur sequi eligendi. Consequatur alias qui facere cumque quod esse est. Enim odit blanditiis qui numquam ipsa. Omnis aperiam aliquid sunt sequi facilis omnis neque.',1,1,'2010-05-23 11:41:54'),(56,62,51,'Omnis possimus voluptatem sed reprehenderit qui qui. Voluptatum ipsam vel molestiae et iste harum modi molestiae. Ut veniam amet itaque quia rerum et ut consequatur.',0,0,'2012-03-13 00:25:00'),(57,71,99,'Inventore ut doloribus voluptates alias ipsum dolorem velit. In exercitationem voluptates consectetur laboriosam quis quos culpa autem. Omnis fugit dignissimos nulla quia.',1,0,'2010-05-19 19:35:06'),(58,82,12,'Modi accusantium et ut impedit. Minus deleniti et nam sed consequatur. Magnam sed recusandae sint officia porro. Aut in voluptas sunt cumque enim.',0,1,'2017-03-17 13:06:05'),(59,13,29,'Asperiores voluptates omnis officiis dicta. Rem dolore dolor odio. Qui dolorem sit consectetur temporibus unde possimus. Quidem impedit animi debitis deleniti autem mollitia aspernatur occaecati.',0,0,'2017-06-25 09:20:56'),(60,5,37,'Quibusdam ut rem ut. Animi itaque dolor ut necessitatibus reiciendis. Voluptatibus nihil est fugiat cupiditate hic earum et. Soluta ut unde accusamus recusandae molestiae.',0,1,'2013-05-11 21:35:01'),(61,70,39,'Sed rerum explicabo ducimus voluptas dolor qui adipisci. Rem temporibus modi consectetur eaque ut. Velit occaecati modi repellat.',1,1,'2016-09-20 04:48:08'),(62,84,2,'Eos ea id reiciendis. Expedita repellat qui eos sit ut sint. Odit nobis exercitationem molestiae accusamus.',0,1,'2011-07-18 17:45:37'),(63,56,74,'Velit mollitia odit commodi praesentium aut. Vel aut aut vel maiores nesciunt magnam quis. Molestias officiis quibusdam veritatis voluptatem. Dolores explicabo non rerum et cumque est.',0,1,'2015-10-11 18:14:50'),(64,3,90,'Quia sequi qui quasi. Ut corrupti qui qui corporis. Ut ipsam cum nisi aut sit asperiores dolore. Beatae voluptas aut reprehenderit quas et dolore.',1,0,'2016-10-18 01:07:47'),(65,43,43,'Unde molestias expedita velit non rerum nesciunt. Sunt laudantium accusantium doloremque libero animi sit perferendis neque. Voluptatem eum vel et id iste enim quibusdam.',1,1,'2012-05-22 22:51:32'),(66,85,98,'Fugiat nesciunt sapiente et saepe. Nostrum velit a magni. Et aperiam vitae libero quo et velit. Totam sint aut totam ab est cupiditate dicta.',0,0,'2012-09-20 02:18:28'),(67,31,63,'Totam sint et sed et omnis hic. Et in veniam magnam neque dolorum consequuntur alias et. Laborum cumque quia temporibus sapiente. Error eos sequi aut quisquam aut porro alias magni. Minus vel consequatur sequi tenetur similique maxime.',1,1,'2017-07-15 04:02:48'),(68,22,19,'Vel sapiente enim aut labore. Totam voluptatem quia voluptas deleniti. Neque quo rerum est velit.',1,1,'2015-04-18 19:49:04'),(69,31,96,'Sunt quia corporis placeat a quo temporibus. Impedit dolor sed qui et occaecati. Consequuntur est rem quia quaerat dignissimos rem quo.',1,0,'2010-07-21 04:27:08'),(70,86,40,'Laborum voluptatem illo quis id et hic. Ut eos a molestiae voluptates et numquam. Magni aliquid qui repellat iste voluptatem possimus quo.',0,1,'2015-05-13 08:50:04'),(71,45,1,'Nobis ab illo molestias enim similique officia. Iste dolorem earum laboriosam dicta aliquam ea.',1,1,'2019-02-03 01:01:39'),(72,72,55,'Officia deleniti quas libero iure. Repudiandae unde qui ut suscipit voluptatum ut. Et dolore dolorem eaque ex.',0,1,'2012-06-18 06:18:30'),(73,60,34,'Suscipit est ducimus quis autem consectetur. Ex laborum temporibus fugit maiores ipsa.',1,0,'2017-07-04 15:16:31'),(74,91,52,'Et nisi cupiditate aut et rerum quae. Facilis reprehenderit quis aut et. Nisi iure minima consectetur et et voluptate. Ut omnis aut nam pariatur et.',0,1,'2019-04-25 23:40:43'),(75,85,70,'Earum id deserunt iste doloremque maxime. Nulla dolorem explicabo eos distinctio. Blanditiis amet provident sit distinctio consequuntur ea sint. Et deleniti et rem molestiae.',1,0,'2014-07-14 08:45:18'),(76,95,65,'Autem dolores atque asperiores laudantium dolor. Veniam placeat molestiae et totam quia dolores nulla. Voluptas rerum sint ducimus nobis doloribus iste. Dicta unde molestiae earum voluptatem et laudantium. Exercitationem ut animi cupiditate totam perspiciatis quae distinctio.',1,1,'2011-10-01 06:04:40'),(77,37,89,'Voluptatem laboriosam in est magni labore quo cum. Ullam rerum molestias ut et dignissimos cumque harum. Autem et a laudantium culpa.',0,0,'2011-02-07 06:19:38'),(78,33,100,'Et ut maxime repellat laborum dolores aut magnam. Consequatur facilis repellat expedita aut. Eum aspernatur id quo dignissimos.',1,0,'2020-01-18 00:50:44'),(79,98,90,'Voluptatem quis nulla ut maiores repellendus tenetur ea. Illo quasi nihil nulla. Aut dolor libero doloremque quos est nostrum architecto. Recusandae voluptatem ut rerum quia.',0,1,'2015-11-03 06:04:53'),(80,54,2,'Velit alias unde velit quo. Ratione repellat iste et. Consequatur iste quo at ut labore. Exercitationem rerum voluptate aut tempore quae autem suscipit.',1,1,'2015-12-31 12:17:55'),(81,46,23,'Alias at eligendi repudiandae perspiciatis qui cumque. Doloribus quisquam quos quia optio. Doloremque voluptatem iste tenetur fugiat veritatis exercitationem aspernatur. Fuga iste excepturi atque harum numquam.',0,1,'2016-03-31 06:58:03'),(82,77,17,'Dolores et atque cupiditate iure odio quas in. Voluptas sit deserunt voluptatem voluptatem ea exercitationem modi reprehenderit. Numquam et enim temporibus esse veritatis. Ipsum fugit et autem et placeat consequuntur officia minima.',1,0,'2019-01-30 21:26:07'),(83,54,20,'Quas illum earum laboriosam temporibus eveniet. Suscipit blanditiis aut aspernatur laudantium. Voluptas rerum eum eos sed et nihil.',0,1,'2015-06-25 05:06:34'),(84,34,11,'Illo sint sunt sit. Reprehenderit quis quibusdam voluptatum. Neque libero at dolor quis iusto id enim. Porro delectus commodi omnis inventore totam qui.',0,0,'2010-10-21 16:39:28'),(85,52,26,'Iste autem dolor et ut voluptatem consequuntur excepturi eum. Omnis vel unde rerum laudantium tempore quia. Ut quisquam laboriosam minus qui harum id. Iusto at ut qui quia ut quae.',1,0,'2019-12-02 16:31:52'),(86,72,82,'Quae laborum qui est qui alias. Voluptatem magni non consequuntur velit earum. Aut illum sequi et dolores soluta dolorem. Sunt amet facilis omnis laboriosam eveniet.',1,1,'2012-02-17 22:56:03'),(87,96,32,'Molestiae ducimus odio quibusdam officia nobis facilis et. Illum ipsam et laboriosam a et harum aspernatur. Soluta natus ducimus iusto harum aut. Eum atque iure ipsum ut ullam velit animi.',0,0,'2017-07-18 11:00:29'),(88,70,53,'Voluptatem incidunt tempore veritatis laboriosam doloribus doloremque quam. Nemo quod et ratione mollitia sed.',1,0,'2015-05-16 09:55:28'),(89,55,16,'Amet sed quia officiis repellat. Enim quas nisi est alias labore et omnis.',0,1,'2015-02-04 02:57:40'),(90,16,31,'Et labore alias omnis ratione dolorum odio excepturi. Ducimus tempore ipsum qui accusamus. Non earum vitae harum alias. Est quia reiciendis vero mollitia qui dolore.',0,0,'2013-02-23 19:57:36'),(91,7,39,'Quae qui non sit quasi. Dolores tenetur hic nemo laborum officiis. Dolore natus vel quo commodi assumenda quidem et. Temporibus quia non recusandae architecto.',1,1,'2015-09-17 13:46:25'),(92,75,57,'Optio voluptates veniam mollitia fugiat sed voluptatem. Voluptas quidem sequi vel aliquam. Dolores eum quos dolore odio.',0,1,'2018-03-22 00:55:24'),(93,61,31,'Est reprehenderit nemo quibusdam nulla error. Molestiae tempore est magni aut laboriosam rerum numquam delectus. Repudiandae et ipsa impedit ut est at.',1,0,'2014-12-24 10:33:31'),(94,72,68,'Ducimus porro animi a sapiente eum enim. In labore vel neque sed magni ut beatae. Voluptas est ipsum eaque consectetur assumenda. Voluptates reprehenderit id nam facere officiis sapiente et.',1,1,'2018-06-02 04:28:17'),(95,24,14,'Quod enim eos libero voluptas. Sed ipsa sunt voluptatem. Sequi officia illum aliquam omnis incidunt. Natus ut porro reprehenderit omnis odio eum quo sed.',1,0,'2014-12-13 16:34:50'),(96,99,50,'Et et culpa quasi. Inventore reiciendis ut omnis tempora. Non voluptas quaerat aut corrupti dolore sit consectetur provident. Non ut unde quia unde.',0,1,'2016-07-24 22:12:36'),(97,54,18,'Hic corrupti omnis illum molestiae deleniti. Earum ea sed inventore a. Molestiae asperiores veritatis dolor maxime.',0,0,'2011-02-16 00:51:02'),(98,30,94,'Itaque debitis nisi possimus. Vero neque ratione earum sint velit nihil a. Error pariatur in magnam impedit quisquam dolorem. Beatae voluptas vero consequuntur sapiente sit ullam incidunt.',1,1,'2010-03-10 09:05:44'),(99,80,17,'Aut rerum minima sed. Est mollitia velit sed vel sed ut sed sit. Tempore est ut iusto eos animi. Et quo est vel odit.',0,1,'2019-02-14 03:06:15'),(100,46,77,'Et mollitia sint cupiditate quia rerum incidunt quo. Assumenda expedita vitae aspernatur delectus eum sunt. Dignissimos adipisci quas animi ratione velit ex omnis est. Hic omnis quis tempora quas autem sit.',0,0,'2014-06-30 20:01:53');
/*!40000 ALTER TABLE `messages` ENABLE KEYS */;
UNLOCK TABLES;

--
-- Table structure for table `profiles`
--

DROP TABLE IF EXISTS `profiles`;
/*!40101 SET @saved_cs_client     = @@character_set_client */;
/*!50503 SET character_set_client = utf8mb4 */;
CREATE TABLE `profiles` (
  `user_id` int unsigned NOT NULL,
  `gender` char(1) CHARACTER SET utf8 COLLATE utf8_unicode_ci NOT NULL,
  `birthday` date DEFAULT NULL,
  `city` varchar(100) CHARACTER SET utf8 COLLATE utf8_unicode_ci DEFAULT NULL,
  `country` varchar(100) CHARACTER SET utf8 COLLATE utf8_unicode_ci DEFAULT NULL,
  PRIMARY KEY (`user_id`)
) ENGINE=InnoDB DEFAULT CHARSET=utf8 COLLATE=utf8_unicode_ci;
/*!40101 SET character_set_client = @saved_cs_client */;

--
-- Dumping data for table `profiles`
--

LOCK TABLES `profiles` WRITE;
/*!40000 ALTER TABLE `profiles` DISABLE KEYS */;
INSERT INTO `profiles` VALUES (1,'m','2003-06-19','East Juston','Poland'),(2,'f','2000-01-17','Port Pattieside','Myanmar'),(3,'f','2003-02-07','North Stacy','Cape Verde'),(4,'f','2016-05-21','Rutheview','Slovakia (Slovak Republic)'),(5,'f','1981-02-28','Kielmouth','Chile'),(6,'m','2018-04-18','Daveville','Belize'),(7,'f','1992-12-02','Barrowsborough','Israel'),(8,'m','2012-06-27','Kassulkeshire','Yemen'),(9,'f','2001-08-05','Crookston','Korea'),(10,'m','1980-04-15','Brookchester','Anguilla'),(11,'m','2014-11-24','Odellview','Thailand'),(12,'m','1984-04-21','New Ezra','Reunion'),(13,'m','1993-12-06','Hartmannhaven','Nauru'),(14,'m','2019-05-24','Hammesfurt','Liberia'),(15,'m','2005-11-06','Boganmouth','Seychelles'),(16,'m','1974-04-22','South Matildaland','Iraq'),(17,'f','1999-03-01','North Ariannaport','Palestinian Territory'),(18,'f','1999-11-29','Lake Sharon','Saint Helena'),(19,'m','2005-05-01','Domenicoport','Ghana'),(20,'m','1973-12-22','West Marionburgh','Uruguay'),(21,'m','2003-07-29','Santinaborough','Liechtenstein'),(22,'m','1970-12-20','Jaquelinborough','Ireland'),(23,'m','2013-08-09','New Cornellfurt','Bermuda'),(24,'f','1982-04-16','Littlebury','Saudi Arabia'),(25,'f','1991-03-26','Mercedesberg','United Arab Emirates'),(26,'m','2004-05-17','Port Vilma','Belgium'),(27,'m','2016-05-02','Hollietown','South Georgia and the South Sandwich Islands'),(28,'m','1972-09-08','Yundttown','New Zealand'),(29,'f','1977-03-27','North Tyree','Malawi'),(30,'m','1996-11-21','New Milfordfort','Hong Kong'),(31,'m','2016-11-20','Kiehnberg','Gambia'),(32,'m','2011-12-24','Diamondview','Tunisia'),(33,'f','2017-06-16','Keonshire','Rwanda'),(34,'m','1973-09-29','West Pascalemouth','Georgia'),(35,'m','1994-05-30','North Americofort','Antarctica (the territory South of 60 deg S)'),(36,'f','2018-03-03','Padbergchester','Ireland'),(37,'f','1970-11-09','West Vergie','United States Minor Outlying Islands'),(38,'f','1998-06-03','East Helene','Sao Tome and Principe'),(39,'m','2010-08-12','New Orville','Sao Tome and Principe'),(40,'f','1991-02-25','West Linwood','Madagascar'),(41,'f','1989-05-04','Rempelview','Brunei Darussalam'),(42,'f','1987-10-12','Baumbachtown','Norfolk Island'),(43,'m','1981-03-18','Howefort','Bermuda'),(44,'m','1984-06-11','Ginoport','Malaysia'),(45,'m','1985-11-22','McCulloughchester','Italy'),(46,'f','2011-03-11','North Pablo','Macao'),(47,'f','1985-10-18','Marquardtside','Thailand'),(48,'f','1983-03-07','Lake Brant','Cook Islands'),(49,'f','1997-03-12','North Gildaport','Morocco'),(50,'m','2006-08-02','Zulaufborough','Mauritania'),(51,'m','1980-06-15','Alfredfurt','Kenya'),(52,'m','1980-11-12','Moenview','Faroe Islands'),(53,'f','1971-06-27','Sipesburgh','Qatar'),(54,'m','1985-09-17','Port Orenshire','China'),(55,'m','2013-02-15','Beierton','Belize'),(56,'m','2017-12-21','South Emilieborough','Egypt'),(57,'f','1984-04-04','West Julia','Bhutan'),(58,'f','1981-11-23','East Danielamouth','Benin'),(59,'f','1985-04-09','Ebertland','Mozambique'),(60,'m','2020-01-08','Mallorytown','Lao People\'s Democratic Republic'),(61,'m','1970-11-13','North Mattie','Korea'),(62,'m','1999-08-24','Sageport','Saint Kitts and Nevis'),(63,'f','2017-11-14','Marcellastad','Saint Vincent and the Grenadines'),(64,'f','1983-10-16','East Mckennaside','Monaco'),(65,'f','1974-01-17','Mullerfort','Cameroon'),(66,'f','2010-05-16','Henrietteville','Puerto Rico'),(67,'f','1983-06-06','Danialshire','Cook Islands'),(68,'f','1990-11-29','South Stan','Tonga'),(69,'f','2009-12-09','West Aniyah','Reunion'),(70,'f','2002-07-06','West Camylle','Mauritius'),(71,'f','2014-06-07','Bradtkeborough','Kiribati'),(72,'f','1978-11-24','West Carleestad','Sri Lanka'),(73,'m','1975-05-26','North Raina','Timor-Leste'),(74,'m','1984-04-15','Lake Valeriefurt','Argentina'),(75,'f','2000-05-10','New Vanessaland','Namibia'),(76,'m','1997-02-19','Lakinport','Armenia'),(77,'m','2015-11-01','Mantestad','Germany'),(78,'f','2009-04-06','Port Camillachester','Sri Lanka'),(79,'m','2019-04-13','Kingland','Bouvet Island (Bouvetoya)'),(80,'f','1986-12-10','Lake Sherwoodshire','Heard Island and McDonald Islands'),(81,'f','1976-06-28','West Arjun','Bolivia'),(82,'m','2016-05-20','West Adelaland','Turks and Caicos Islands'),(83,'f','1979-05-09','Port Michel','Norfolk Island'),(84,'f','1982-03-25','Haylieland','Uzbekistan'),(85,'f','2011-03-11','East Will','Vanuatu'),(86,'m','2019-01-14','Bartolettiville','Niue'),(87,'m','2019-11-21','Adelletown','Panama'),(88,'f','1984-02-11','Mosheberg','New Zealand'),(89,'m','2005-06-11','Reichertfort','Guinea'),(90,'f','1986-02-05','Erlingstad','Gibraltar'),(91,'f','2009-12-05','Lake Jannieview','Montenegro'),(92,'f','2001-03-15','North Mariela','Antigua and Barbuda'),(93,'m','1990-10-23','Kleinfurt','Heard Island and McDonald Islands'),(94,'m','1982-07-13','South Janae','Lao People\'s Democratic Republic'),(95,'f','2013-03-01','Port Willshire','Jamaica'),(96,'m','1984-06-17','East Sylvan','Gabon'),(97,'m','2005-04-22','Lake Emile','Czech Republic'),(98,'f','1979-05-16','Kautzerfort','French Guiana'),(99,'f','2013-06-13','Zulaufbury','Kenya'),(100,'m','1979-10-12','Lake Mafalda','Guadeloupe');
/*!40000 ALTER TABLE `profiles` ENABLE KEYS */;
UNLOCK TABLES;

--
-- Table structure for table `users`
--

DROP TABLE IF EXISTS `users`;
/*!40101 SET @saved_cs_client     = @@character_set_client */;
/*!50503 SET character_set_client = utf8mb4 */;
CREATE TABLE `users` (
  `id` int unsigned NOT NULL AUTO_INCREMENT,
  `first_name` varchar(100) CHARACTER SET utf8 COLLATE utf8_unicode_ci NOT NULL,
  `last_name` varchar(100) CHARACTER SET utf8 COLLATE utf8_unicode_ci NOT NULL,
  `email` varchar(120) CHARACTER SET utf8 COLLATE utf8_unicode_ci NOT NULL,
  `phone` varchar(120) CHARACTER SET utf8 COLLATE utf8_unicode_ci NOT NULL,
  `created_at` datetime DEFAULT CURRENT_TIMESTAMP,
  `updated_at` datetime DEFAULT CURRENT_TIMESTAMP ON UPDATE CURRENT_TIMESTAMP,
  PRIMARY KEY (`id`),
  UNIQUE KEY `email` (`email`),
  UNIQUE KEY `phone` (`phone`)
) ENGINE=InnoDB AUTO_INCREMENT=101 DEFAULT CHARSET=utf8 COLLATE=utf8_unicode_ci;
/*!40101 SET character_set_client = @saved_cs_client */;

--
-- Dumping data for table `users`
--

LOCK TABLES `users` WRITE;
/*!40000 ALTER TABLE `users` DISABLE KEYS */;
INSERT INTO `users` VALUES (1,'Dusty','Stanton','brice.schneider@example.com','+01(3)0721573309','2011-04-15 13:37:24','2014-12-27 04:44:28'),(2,'Jarod','Conn','garrett.nikolaus@example.org','1-745-024-4149x899','2014-08-06 07:59:19','2020-03-05 15:46:29'),(3,'Santino','Konopelski','qmueller@example.net','(888)218-8857x455','2016-09-23 22:27:01','2020-03-05 15:46:29'),(4,'Brycen','Gleichner','xthompson@example.org','08002302813','2011-09-17 09:53:43','2014-10-23 22:36:54'),(5,'Andres','Spinka','katlynn.braun@example.org','167.764.5381','2011-08-06 03:46:27','2020-03-05 15:46:29'),(6,'Mateo','Torphy','bgoodwin@example.com','(951)176-7216x476','2010-03-27 09:54:37','2014-12-26 02:52:23'),(7,'Rhett','Lowe','towne.arthur@example.org','(897)339-5170','2015-05-30 21:41:45','2020-03-05 15:46:29'),(8,'Annette','Sporer','demarco.brekke@example.org','1-852-717-0739','2019-09-18 07:38:06','2020-03-05 15:46:29'),(9,'Lucile','Crooks','krajcik.henry@example.org','06492971575','2012-04-16 15:56:28','2016-11-24 21:42:26'),(10,'Gisselle','Little','ike42@example.org','(129)508-1712x136','2010-08-31 15:22:24','2019-10-15 20:43:29'),(11,'Isobel','Wolff','yboyle@example.org','151-972-1298x52752','2012-06-20 11:04:13','2020-03-05 15:46:29'),(12,'Johann','Jacobs','langworth.royal@example.org','147.016.3497x7720','2016-07-02 19:42:54','2020-03-05 15:46:29'),(13,'Luciano','Roberts','izabella.ullrich@example.org','09773279982','2019-07-31 06:45:20','2020-03-05 15:46:29'),(14,'Ibrahim','McLaughlin','johnston.aditya@example.org','(621)425-2461x7663','2015-08-20 10:01:02','2018-07-22 02:06:52'),(15,'Thora','Christiansen','nikolaus.bethel@example.com','1-982-104-4072x0615','2018-09-19 13:46:07','2020-03-05 15:46:29'),(16,'Tressa','Jenkins','dianna88@example.com','697-505-4891','2016-08-22 00:41:47','2020-03-05 15:46:29'),(17,'Gennaro','Haag','russel.kiara@example.org','635.227.2961x828','2012-05-31 22:40:14','2020-01-26 15:53:59'),(18,'Allan','Labadie','michael52@example.com','575-321-6834x8579','2014-03-18 06:26:39','2020-03-05 15:46:29'),(19,'Athena','Volkman','estracke@example.com','913.231.5706','2015-08-06 23:33:45','2017-11-05 21:17:19'),(20,'Percy','Gottlieb','letha.kulas@example.org','214.818.2053x009','2016-06-16 22:20:59','2019-03-07 12:12:44'),(21,'Fanny','Dooley','amani80@example.net','02373550902','2011-11-13 14:27:51','2016-06-22 15:49:16'),(22,'Brenden','Dietrich','lenna84@example.org','(113)185-1440x7813','2018-12-29 10:05:00','2020-03-05 15:46:29'),(23,'Yesenia','Kemmer','kadin68@example.org','398.818.8505x61758','2014-09-21 06:36:11','2020-03-05 15:46:29'),(24,'Donnell','Gottlieb','sschroeder@example.org','(036)441-5039x055','2017-04-01 10:50:38','2020-03-05 15:46:29'),(25,'Ron','Zulauf','rkohler@example.org','177.295.0428','2010-03-27 13:02:40','2017-01-04 02:30:57'),(26,'Patrick','Raynor','hills.cheyenne@example.com','1-919-361-4100','2012-07-23 06:53:09','2014-09-01 15:20:39'),(27,'Cassandre','Armstrong','rhea.goyette@example.net','(731)347-2466','2012-12-31 00:17:48','2020-03-05 15:46:29'),(28,'Marjorie','Reichert','lo\'reilly@example.com','645.300.7092','2012-02-07 09:28:25','2014-08-07 05:42:47'),(29,'Edwina','Turner','joseph19@example.com','1-467-013-8660','2020-01-16 15:19:33','2020-03-05 15:46:29'),(30,'Cassidy','Bosco','balistreri.immanuel@example.org','(853)262-3701','2014-12-07 00:19:08','2018-05-08 08:30:18'),(31,'Jedediah','Nader','ischulist@example.net','644-751-0036','2014-04-03 19:14:30','2020-03-05 15:46:29'),(32,'Sandy','Carroll','retha72@example.com','(512)589-1587x8491','2012-10-19 22:07:08','2016-10-15 20:23:04'),(33,'Eloise','Rosenbaum','louvenia72@example.org','994-185-4682x187','2013-10-14 12:18:30','2015-06-01 02:53:57'),(34,'Thelma','Carter','zelma33@example.net','911-756-4431','2015-09-25 16:59:55','2017-02-01 09:20:39'),(35,'Philip','Lang','addie.little@example.net','1-879-522-8424x39009','2015-04-01 01:09:17','2020-03-05 15:46:29'),(36,'Torey','Wintheiser','herminia59@example.com','(807)686-0033','2019-06-06 07:18:41','2020-03-05 15:46:29'),(37,'Liana','Koepp','rlangworth@example.org','1-889-477-0728x3958','2010-03-21 23:49:56','2018-03-11 17:19:37'),(38,'Alexandre','Dickens','rogahn.shany@example.net','1-514-751-8679x346','2016-04-28 04:28:06','2020-03-05 15:46:29'),(39,'Ezekiel','Frami','marjolaine14@example.net','07965776937','2014-05-18 14:20:08','2020-03-05 15:46:29'),(40,'Khalid','Davis','macey.crooks@example.com','581-009-5442','2011-08-07 15:09:27','2015-02-27 19:59:08'),(41,'Violet','Bechtelar','west.henry@example.org','05186929518','2019-10-05 04:45:12','2020-03-05 15:46:29'),(42,'Hobart','DuBuque','rogahn.jewel@example.org','1-984-588-0454','2019-08-11 06:19:23','2020-03-05 15:46:29'),(43,'Levi','Block','tyson.becker@example.net','(756)661-1104x48036','2010-06-28 13:46:22','2011-02-02 22:35:50'),(44,'Hazle','McClure','xzavier.bode@example.net','606.354.2881','2011-12-06 19:00:34','2015-06-24 21:41:02'),(45,'Emilie','Dooley','armstrong.dina@example.com','(964)689-3099','2014-11-05 21:23:02','2019-07-22 11:31:55'),(46,'Adaline','Orn','baumbach.novella@example.net','07299015479','2018-11-06 16:21:49','2020-03-05 15:46:29'),(47,'Rosalinda','McGlynn','wolff.alysha@example.net','1-453-184-1151x36747','2010-10-05 14:04:20','2020-02-20 13:14:26'),(48,'Wilmer','Collins','zromaguera@example.org','354-283-0171x5078','2014-01-27 12:27:24','2019-05-24 17:28:35'),(49,'Luella','Sawayn','efeeney@example.com','(833)873-4750','2015-11-14 02:52:36','2019-01-14 03:19:32'),(50,'Damian','Heaney','florida66@example.com','418-111-8649','2012-07-26 16:00:04','2014-09-22 04:29:01'),(51,'Isobel','Konopelski','dprosacco@example.net','1-416-631-8202','2016-08-08 02:14:33','2020-03-05 15:46:29'),(52,'Nathaniel','McKenzie','jaren73@example.net','+75(4)0564834271','2014-09-06 10:35:41','2020-03-05 15:46:29'),(53,'Keeley','Sipes','antoinette00@example.com','369.415.7720','2010-11-10 19:53:00','2016-08-27 19:25:20'),(54,'Joanie','Cormier','rozella33@example.org','1-952-083-7378','2011-12-30 16:19:29','2020-03-05 15:46:29'),(55,'America','Hauck','esmith@example.com','307-665-8014x07285','2014-01-17 20:24:24','2020-03-05 15:46:29'),(56,'Alivia','Cummings','xlynch@example.org','06485387619','2012-03-14 10:33:20','2017-11-09 03:35:15'),(57,'Forrest','Turcotte','russ.langworth@example.org','589-217-9720','2013-12-26 07:35:15','2014-07-29 03:49:18'),(58,'Kayleigh','Gislason','burley.lemke@example.net','(807)833-6323x49385','2015-11-07 01:57:39','2019-11-20 23:16:07'),(59,'Chanel','Bogan','ythompson@example.net','+34(8)7963198884','2014-03-25 05:36:50','2020-03-05 15:46:29'),(60,'Rowan','Fadel','barton.kelly@example.net','(650)245-7834','2018-11-15 08:52:32','2020-03-05 15:46:29'),(61,'Cornell','Jakubowski','bbarton@example.org','(984)132-9873x9184','2016-06-10 08:41:06','2019-10-30 21:35:30'),(62,'Al','Bergnaum','marjory70@example.org','05065229891','2016-05-09 15:39:47','2016-09-26 01:47:19'),(63,'Delbert','Metz','jon55@example.net','1-979-574-7868','2017-11-08 22:21:23','2020-03-05 15:46:29'),(64,'Lisa','Kreiger','hildegard86@example.org','381-119-9281','2010-04-30 22:33:56','2010-06-08 14:11:04'),(65,'Eldridge','Fadel','keebler.maxine@example.net','1-661-699-7787x1922','2011-08-03 12:37:04','2013-02-17 21:17:10'),(66,'Bianka','Steuber','marian.metz@example.org','+56(9)8953840533','2019-05-20 03:40:12','2020-03-05 15:46:29'),(67,'Oswald','Hilll','fpacocha@example.org','1-900-905-5431','2013-11-01 15:06:53','2015-03-06 01:04:00'),(68,'Rickey','Deckow','hayes.odell@example.com','576-466-4558','2018-09-22 21:26:08','2020-01-28 17:07:14'),(69,'Leonor','Schmitt','marlene95@example.com','533.119.4298x87667','2020-02-15 12:20:41','2020-03-05 15:46:29'),(70,'Jarvis','Daugherty','schroeder.domenica@example.com','+22(0)5474292497','2018-02-19 19:34:17','2020-03-05 15:46:29'),(71,'Ena','Schumm','halie.nitzsche@example.org','1-975-233-8870','2015-05-02 18:37:06','2020-03-05 15:46:29'),(72,'Antonina','Jakubowski','gorczany.kelli@example.org','1-838-721-9090','2013-10-07 23:26:39','2020-03-05 15:46:29'),(73,'Jermaine','Ebert','kraig24@example.net','(694)103-6752','2016-01-09 16:20:39','2018-02-07 14:19:09'),(74,'Jeramie','Kshlerin','heathcote.florence@example.net','05236539328','2014-09-15 02:44:34','2017-12-12 05:04:02'),(75,'Emiliano','Smitham','vfay@example.com','451.884.3717x439','2010-08-22 07:01:54','2017-05-25 08:53:07'),(76,'Xander','Treutel','qmills@example.com','1-269-780-6661','2018-02-06 16:40:22','2020-03-05 15:46:29'),(77,'Columbus','Moen','mbuckridge@example.org','(530)814-5634','2011-09-27 19:44:23','2020-03-05 15:46:29'),(78,'Ernest','Willms','upton.jewell@example.org','510.371.3360x230','2015-08-11 14:42:32','2018-06-10 23:36:21'),(79,'Bill','Zboncak','greenfelder.chaz@example.net','115-037-3391','2018-06-07 18:00:00','2020-03-05 15:46:29'),(80,'Gordon','Okuneva','lowe.furman@example.com','(087)909-2437x4916','2011-11-10 21:19:46','2014-01-01 12:23:25'),(81,'Dario','Quitzon','becker.bethel@example.com','1-572-143-2034x11309','2012-08-24 04:45:16','2014-05-23 13:02:00'),(82,'Malcolm','Wiza','destin26@example.net','007-433-8886x4986','2018-04-27 10:21:29','2020-03-05 15:46:29'),(83,'Jeramy','Graham','jamal73@example.net','1-441-315-2384','2015-07-26 17:48:31','2020-03-05 15:46:29'),(84,'Kamille','West','silas80@example.com','(644)882-5201x18337','2010-12-26 11:13:30','2017-09-04 08:11:41'),(85,'Claudie','Veum','mellie73@example.org','1-153-983-4596x0521','2012-11-16 16:03:11','2015-03-25 22:37:27'),(86,'Dario','Keebler','evans.pacocha@example.com','(703)398-9739x26054','2019-12-11 01:29:10','2020-03-05 15:46:29'),(87,'Christy','Wolf','marcos.nader@example.net','851-107-6079','2018-10-07 23:58:48','2020-03-05 15:46:29'),(88,'Remington','Osinski','bayer.rosendo@example.net','1-570-827-3449','2015-05-10 07:17:42','2015-05-15 16:42:12'),(89,'Taya','Pacocha','jacques.heidenreich@example.net','155-483-9418x939','2011-10-04 04:12:33','2018-05-02 12:44:42'),(90,'Tyrese','Koepp','kaylah50@example.org','01709828681','2018-12-16 04:03:26','2020-03-05 15:46:29'),(91,'Leora','Renner','beaulah54@example.com','01670819995','2012-10-30 12:22:32','2013-04-09 14:52:24'),(92,'Hassan','Rosenbaum','gislason.brenda@example.net','1-602-016-4099x04077','2019-03-10 09:14:41','2020-03-05 15:46:29'),(93,'Zita','Ferry','gerlach.connie@example.net','(941)307-3055','2018-04-30 21:10:37','2020-03-05 15:46:29'),(94,'Penelope','Shanahan','jgoyette@example.com','305-210-1739x8953','2016-07-19 19:15:05','2019-09-17 00:37:33'),(95,'Jadyn','Nader','nbrekke@example.net','06529222843','2015-02-21 15:55:30','2017-04-14 11:06:02'),(96,'Alfred','Ryan','rath.jayden@example.net','+67(8)2078404105','2018-07-06 12:30:52','2020-03-05 15:46:29'),(97,'Torey','Dibbert','stoltenberg.franco@example.org','(703)875-3233','2016-01-22 12:31:47','2020-03-05 15:46:29'),(98,'Ethel','Jast','samson.carter@example.org','341.861.5244','2012-11-21 01:49:45','2019-01-16 17:12:32'),(99,'Antonia','Koss','ellsworth.gottlieb@example.com','1-885-526-2185x62898','2015-09-23 01:52:39','2017-11-23 06:43:07'),(100,'Germaine','Steuber','xnienow@example.org','1-562-221-5259','2014-08-24 18:09:26','2020-03-05 15:46:29');
/*!40000 ALTER TABLE `users` ENABLE KEYS */;
UNLOCK TABLES;
/*!40103 SET TIME_ZONE=@OLD_TIME_ZONE */;

/*!40101 SET SQL_MODE=@OLD_SQL_MODE */;
/*!40014 SET FOREIGN_KEY_CHECKS=@OLD_FOREIGN_KEY_CHECKS */;
/*!40014 SET UNIQUE_CHECKS=@OLD_UNIQUE_CHECKS */;
/*!40101 SET CHARACTER_SET_CLIENT=@OLD_CHARACTER_SET_CLIENT */;
/*!40101 SET CHARACTER_SET_RESULTS=@OLD_CHARACTER_SET_RESULTS */;
/*!40101 SET COLLATION_CONNECTION=@OLD_COLLATION_CONNECTION */;
/*!40111 SET SQL_NOTES=@OLD_SQL_NOTES */;

-- Dump completed on 2020-03-05 15:55:54
